{"properties":{"connectionReferences":{"shared_commondataserviceforapps":{"runtimeSource":"embedded","connection":{"connectionReferenceLogicalName":"tchinnin_sharedcommondataserviceforapps_e2450"},"api":{"name":"shared_commondataserviceforapps"}}},"definition":{"$schema":"https://schema.management.azure.com/providers/Microsoft.Logic/schemas/2016-06-01/workflowdefinition.json#","contentVersion":"1.0.0.0","parameters":{"$connections":{"defaultValue":{},"type":"Object"},"$authentication":{"defaultValue":{},"type":"SecureObject"}},"triggers":{"manual":{"type":"Request","kind":"Button","inputs":{"schema":{"type":"object","properties":{"text":{"title":"Environement variable name","type":"string","x-ms-dynamically-added":true,"description":"Please enter your environment variable name","x-ms-content-hint":"TEXT"}},"required":["text"]}}}},"actions":{"initEnvVar":{"runAfter":{},"type":"InitializeVariable","inputs":{"variables":[{"name":"EnvVarValue","type":"string"}]}},"EnvVarDef":{"runAfter":{"ListEnvVarDef":["Succeeded"]},"type":"Compose","inputs":"@first(outputs('ListEnvVarDef')?['body/value'])"},"If_no_Current,_Use_Default":{"actions":{"SetEnvVarValueCurrent":{"runAfter":{},"type":"SetVariable","inputs":{"name":"EnvVarValue","value":"@{outputs('EnvVarValue')}"}}},"runAfter":{"EnvVarValue":["Succeeded"]},"else":{"actions":{"SetEnvVarValueDefault":{"runAfter":{},"type":"SetVariable","inputs":{"name":"EnvVarValue","value":"@{outputs('EnvVarDef')?['defaultvalue']}"}},"If_no_Default,_Error":{"actions":{"Terminate":{"runAfter":{},"type":"Terminate","inputs":{"runStatus":"Failed","runError":{"code":"404","message":"No value found for @{triggerBody()['text']}"}}}},"runAfter":{"SetEnvVarValueDefault":["Succeeded"]},"expression":{"equals":["@empty(variables('EnvVarValue'))","@true"]},"type":"If"}}},"expression":{"greater":["@length(outputs('ListEnvVarValue')?['body/value'])",0]},"type":"If"},"EnvVarValue":{"runAfter":{"ListEnvVarValue":["Succeeded"]},"type":"Compose","inputs":"@first(outputs('ListEnvVarValue')?['body/value'])?['Value']"},"Respond_to_a_PowerApp_or_flow":{"runAfter":{"If_no_Current,_Use_Default":["Succeeded"]},"type":"Response","kind":"PowerApp","inputs":{"statusCode":200,"body":{"environment_variable_value":"@variables('EnvVarValue')"},"schema":{"type":"object","properties":{"environment_variable_value":{"title":"Environment variable value","x-ms-dynamically-added":true,"type":"string"}}}}},"ListEnvVarDef":{"runAfter":{"initEnvVar":["Succeeded"]},"type":"OpenApiConnection","inputs":{"host":{"connectionName":"shared_commondataserviceforapps","operationId":"ListRecords","apiId":"/providers/Microsoft.PowerApps/apis/shared_commondataserviceforapps"},"parameters":{"entityName":"environmentvariabledefinitions","$filter":"schemaname eq '@{triggerBody()['text']}'"},"authentication":{"type":"Raw","value":"@json(decodeBase64(triggerOutputs().headers['X-MS-APIM-Tokens']))['$ConnectionKey']"}}},"ListEnvVarValue":{"runAfter":{"EnvVarDef":["Succeeded"]},"type":"OpenApiConnection","inputs":{"host":{"connectionName":"shared_commondataserviceforapps","operationId":"ListRecords","apiId":"/providers/Microsoft.PowerApps/apis/shared_commondataserviceforapps"},"parameters":{"entityName":"environmentvariablevalues","$filter":"_environmentvariabledefinitionid_value eq '@{outputs('EnvVarDef')?['environmentvariabledefinitionid']}'"},"authentication":{"type":"Raw","value":"@json(decodeBase64(triggerOutputs().headers['X-MS-APIM-Tokens']))['$ConnectionKey']"}}}},"outputs":{}}},"schemaVersion":"1.0.0.0"}