<ImportExportXml xmlns:xsi="http://www.w3.org/2001/XMLSchema-instance">
  <Entities></Entities>
  <Roles></Roles>
  <Workflows>
    <Workflow WorkflowId="{1904abcf-7d5e-ec11-8f8f-6045bd904c06}" Name="Set Microsoft365Group SecurityEnabled property">
      <JsonFileName>/Workflows/SetMicrosoft365GroupSecurityEnabledproperty-1904ABCF-7D5E-EC11-8F8F-6045BD904C06.json</JsonFileName>
      <Type>1</Type>
      <Subprocess>0</Subprocess>
      <Category>5</Category>
      <Mode>0</Mode>
      <Scope>4</Scope>
      <OnDemand>0</OnDemand>
      <TriggerOnCreate>0</TriggerOnCreate>
      <TriggerOnDelete>0</TriggerOnDelete>
      <AsyncAutodelete>0</AsyncAutodelete>
      <SyncWorkflowLogOnFailure>0</SyncWorkflowLogOnFailure>
      <StateCode>1</StateCode>
      <StatusCode>2</StatusCode>
      <RunAs>1</RunAs>
      <IsTransacted>1</IsTransacted>
      <IntroducedVersion>1.0.0.0</IntroducedVersion>
      <IsCustomizable>1</IsCustomizable>
      <BusinessProcessType>0</BusinessProcessType>
      <PrimaryEntity>none</PrimaryEntity>
      <LocalizedNames>
        <LocalizedName languagecode="1033" description="Set Microsoft365Group SecurityEnabled property" />
      </LocalizedNames>
    </Workflow>
  </Workflows>
  <FieldSecurityProfiles></FieldSecurityProfiles>
  <Templates />
  <EntityMaps />
  <EntityRelationships />
  <OrganizationSettings />
  <optionsets />
  <CustomControls />
  <EntityDataProviders />
  <CanvasApps>
    <CanvasApp>
      <Name>cr486_enablepowerappssharingwithmicrosoftteams_e1632</Name>
      <AppVersion>2021-12-17T16:33:00Z</AppVersion>
      <Status>Ready</Status>
      <CreatedByClientVersion>3.21114.18.0</CreatedByClientVersion>
      <MinClientVersion>3.21114.18.0</MinClientVersion>
      <Tags>{"primaryDeviceWidth":"1366","primaryDeviceHeight":"768","sienaVersion":"2212d239-1051-43d7-8f6b-af5528bc2089","deviceCapabilities":"","supportsPortrait":"true","supportsLandscape":"true","primaryFormFactor":"Tablet","publisherVersion":"3.21114.18","minimumRequiredApiVersion":"2.2.0","hasComponent":"false","hasUnlockedComponent":"false","isUnifiedRootApp":"false"}</Tags>
      <IsCdsUpgraded>0</IsCdsUpgraded>
      <GalleryItemId xsi:nil="true"></GalleryItemId>
      <BackgroundColor>rgba(98, 100, 167, 1)</BackgroundColor>
      <DisplayName>Enable PowerApps sharing with Microsoft Teams</DisplayName>
      <Description xsi:nil="true"></Description>
      <CommitMessage xsi:nil="true"></CommitMessage>
      <Publisher xsi:nil="true"></Publisher>
      <AuthorizationReferences>[]</AuthorizationReferences>
      <ConnectionReferences>{"5ecff8f0-adb1-482f-9981-6e7e1216da4e":{"id":"/providers/microsoft.powerapps/apis/shared_teams","displayName":"Microsoft Teams","iconUri":"https://connectoricons-prod.azureedge.net/releases/v1.0.1542/1.0.1542.2635/teams/icon.png","dataSources":["MicrosoftTeams"],"dependencies":[],"dependents":[],"parameterHints":{},"parameterHintsV2":{},"isOnPremiseConnection":false,"bypassConsent":false,"dataSets":{},"apiTier":"Standard"},"6a4caf5d-83b8-40f2-a326-a44dfc9c4379":{"id":"/providers/microsoft.powerapps/apis/shared_office365groups","displayName":"Office 365 Groups","iconUri":"https://connectoricons-prod.azureedge.net/releases/v1.0.1538/1.0.1538.2619/office365groups/icon.png","dataSources":["Office365Groups"],"dependencies":[],"dependents":[],"parameterHints":{},"parameterHintsV2":{},"isOnPremiseConnection":false,"bypassConsent":false,"dataSets":{},"apiTier":"Standard","actions":["ListOwnedGroups"]},"f106b050-ba09-4990-89f1-e6cec3ebbbca":{"id":"/providers/microsoft.powerapps/apis/shared_logicflows","displayName":"Logic flows","iconUri":"https://connectoricons-prod.azureedge.net/releases/v1.0.1534/1.0.1534.2605/logicflows/icon.png","dataSources":["SetMicrosoft365GroupSecurityEnabledproperty"],"dependencies":["33d40ddf-c5ac-41ee-b4e3-9cd48495d2ba"],"dependents":[],"parameterHints":{"workflowName":{"value":"ff8f41c3-ef8d-4cb5-ba43-38b772732b62"},"workflowEntityId":{"value":"1904abcf-7d5e-ec11-8f8f-6045bd904c06"},"33d40ddf-c5ac-41ee-b4e3-9cd48495d2ba":{"value":"shared_office365groups"}},"parameterHintsV2":{"workflowName":{"value":"ff8f41c3-ef8d-4cb5-ba43-38b772732b62"},"workflowEntityId":{"value":"1904abcf-7d5e-ec11-8f8f-6045bd904c06"},"shared_office365groups":{"value":"33d40ddf-c5ac-41ee-b4e3-9cd48495d2ba"}},"isOnPremiseConnection":false,"bypassConsent":false,"dataSets":{},"apiTier":"Standard","actions":["Run"]},"33d40ddf-c5ac-41ee-b4e3-9cd48495d2ba":{"id":"/providers/microsoft.powerapps/apis/shared_office365groups","displayName":"Office 365 Groups","iconUri":"https://connectoricons-prod.azureedge.net/releases/v1.0.1538/1.0.1538.2619/office365groups/icon.png","dataSources":[],"dependencies":[],"dependents":["f106b050-ba09-4990-89f1-e6cec3ebbbca"],"parameterHints":{},"parameterHintsV2":{},"isOnPremiseConnection":false,"bypassConsent":false,"dataSets":{},"apiTier":"Standard"}}</ConnectionReferences>
      <DatabaseReferences>{}</DatabaseReferences>
      <AppComponents>[]</AppComponents>
      <AppComponentDependencies>[]</AppComponentDependencies>
      <CanConsumeAppPass>1</CanConsumeAppPass>
      <CanvasAppType>0</CanvasAppType>
      <BypassConsent>0</BypassConsent>
      <AdminControlBypassConsent>0</AdminControlBypassConsent>
      <EmbeddedApp xsi:nil="true"></EmbeddedApp>
      <IntroducedVersion>1.0</IntroducedVersion>
      <CdsDependencies>{"cdsdependencies":[]}</CdsDependencies>
      <IsCustomizable>1</IsCustomizable>
      <BackgroundImageUri>/CanvasApps/cr486_enablepowerappssharingwithmicrosoftteams_e16_BackgroundImageUri</BackgroundImageUri>
      <DocumentUri>/CanvasApps/cr486_enablepowerappssharingwithmicrosoftteams_e16_DocumentUri.msapp</DocumentUri>
    </CanvasApp>
  </CanvasApps>
  <connectionreferences>
    <connectionreference connectionreferencelogicalname="tchinnin_sharedoffice365groups_6f071">
      <connectionreferencedisplayname>Office 365 Groups microsoft_teams_security_enablement-6f071</connectionreferencedisplayname>
      <connectorid>/providers/Microsoft.PowerApps/apis/shared_office365groups</connectorid>
      <iscustomizable>1</iscustomizable>
      <statecode>0</statecode>
      <statuscode>1</statuscode>
    </connectionreference>
  </connectionreferences>
  <Languages>
    <Language>1033</Language>
  </Languages>
</ImportExportXml>