<ImportExportXml version="9.2.21112.136" SolutionPackageVersion="9.2" languagecode="1033" generatedBy="CrmLive" xmlns:xsi="http://www.w3.org/2001/XMLSchema-instance">
  <SolutionManifest>
    <UniqueName>microsoft_teams_security_enablement</UniqueName>
    <LocalizedNames>
      <LocalizedName description="PowerApps sharing with M365 Groups" languagecode="1033" />
    </LocalizedNames>
    <Descriptions />
    <Version>1.0.211217.0</Version>
    <Managed>1</Managed>
    <Publisher>
      <UniqueName>tchinnin</UniqueName>
      <LocalizedNames>
        <LocalizedName description="Théophile CHIN-NIN" languagecode="1033" />
      </LocalizedNames>
      <Descriptions />
      <EMailAddress>theophile@chin-nin.tech</EMailAddress>
      <SupportingWebsiteUrl>https://tchinnin.com</SupportingWebsiteUrl>
      <CustomizationPrefix>tchinnin</CustomizationPrefix>
      <CustomizationOptionValuePrefix>11461</CustomizationOptionValuePrefix>
    </Publisher>
    <RootComponents>
      <RootComponent type="29" id="{1904abcf-7d5e-ec11-8f8f-6045bd904c06}" behavior="0" />
      <RootComponent type="300" schemaName="cr486_enablepowerappssharingwithmicrosoftteams_e1632" behavior="0" />
    </RootComponents>
    <MissingDependencies />
  </SolutionManifest>
</ImportExportXml>