{"properties":{"connectionReferences":{"shared_office365groups":{"runtimeSource":"invoker","connection":{"connectionReferenceLogicalName":"tchinnin_sharedoffice365groups_6f071"},"api":{"name":"shared_office365groups"}}},"definition":{"$schema":"https://schema.management.azure.com/providers/Microsoft.Logic/schemas/2016-06-01/workflowdefinition.json#","contentVersion":"1.0.0.0","parameters":{"$connections":{"defaultValue":{},"type":"Object"},"$authentication":{"defaultValue":{},"type":"SecureObject"}},"triggers":{"manual":{"metadata":{"operationMetadataId":"86f9ccce-05e4-4b00-830a-ff84df8481c0"},"type":"Request","kind":"PowerAppV2","inputs":{"schema":{"type":"object","properties":{"boolean":{"title":"securityEnabled","type":"boolean","x-ms-dynamically-added":true,"description":"Please select yes or no","x-ms-content-hint":"BOOLEAN"},"text":{"title":"groupId","type":"string","x-ms-dynamically-added":true,"description":"Please enter your input","x-ms-content-hint":"TEXT"}},"required":["boolean","text"]}}}},"actions":{"setSecurityEnabled":{"runAfter":{"setSecurityEnabledBody":["Succeeded"]},"metadata":{"operationMetadataId":"572c7c2d-4740-46c4-aa6c-f2303311afba"},"type":"OpenApiConnection","inputs":{"host":{"connectionName":"shared_office365groups","operationId":"HttpRequest","apiId":"/providers/Microsoft.PowerApps/apis/shared_office365groups"},"parameters":{"Uri":"https://graph.microsoft.com/beta/groups/@{triggerBody()['text']}","Method":"PATCH","Body":"@outputs('setSecurityEnabledBody')","ContentType":"application/json"},"authentication":"@parameters('$authentication')"}},"return":{"runAfter":{"setSecurityEnabled":["Succeeded"]},"metadata":{"operationMetadataId":"0b612920-cdf0-49a5-a3ed-59a3e5fd1056"},"type":"Response","kind":"PowerApp","inputs":{"statusCode":200,"body":{"statuscode":"@outputs('setSecurityEnabled')?['statusCode']"},"schema":{"type":"object","properties":{"statuscode":{"title":"statusCode","x-ms-dynamically-added":true,"type":"number"}}}}},"setSecurityEnabledBody":{"runAfter":{},"metadata":{"operationMetadataId":"0ed6ec5c-472b-4ad6-9919-a893a50efdb8"},"type":"Compose","inputs":{"securityEnabled":"@triggerBody()['boolean']"}}}}},"schemaVersion":"1.0.0.0"}